,시가,고가,저가,수정종가,거래량,거래대금
2017-07-21,6580.0,6630.0,6460.0,6630.0,24044.0,159411720.0
2017-07-24,6550.0,6620.0,6400.0,6560.0,21574.0,141525440.0
2017-07-25,6530.0,6590.0,6420.0,6560.0,18375.0,120540000.0
2017-07-26,6530.0,6680.0,6430.0,6470.0,13993.0,90534710.0
2017-07-27,6420.0,6529.0,6340.0,6500.0,14404.0,93626000.0
2017-07-28,6569.0,6569.0,6390.0,6420.0,12289.0,78895380.0
2017-07-31,6310.0,6369.0,6140.0,6180.0,19831.0,122555580.0
2017-08-01,6140.0,6380.0,6099.0,6370.0,14432.0,91931840.0
2017-08-02,6369.0,6480.0,6289.0,6420.0,5266.0,33807720.0
2017-08-03,6360.0,6400.0,6240.0,6340.0,15309.0,97059060.0
2017-08-04,6340.0,6440.0,6230.0,6280.0,9863.0,61939640.0
2017-08-07,6209.0,6340.0,6200.0,6340.0,12281.0,77861540.0
2017-08-08,6280.0,6360.0,6170.0,6230.0,8592.0,53528160.0
2017-08-09,6240.0,6240.0,6030.0,6090.0,17915.0,109102350.0
2017-08-10,6050.0,6150.0,6040.0,6120.0,15794.0,96659280.0
2017-08-11,5970.0,6180.0,5970.0,6060.0,16313.0,98856780.0
2017-08-14,6120.0,6170.0,6059.0,6150.0,12717.0,78209550.0
2017-08-16,6110.0,6190.0,5900.0,5940.0,35347.0,209961180.0
2017-08-17,6070.0,6070.0,5900.0,5960.0,17725.0,105641000.0
2017-08-18,5870.0,5940.0,5800.0,5860.0,22174.0,129939640.0
2017-08-21,5740.0,5840.0,5590.0,5600.0,50516.0,282889600.0
2017-08-22,5610.0,5680.0,5550.0,5650.0,16454.0,92965100.0
2017-08-23,5680.0,5880.0,5630.0,5860.0,28417.0,166523620.0
2017-08-24,5819.0,5950.0,5790.0,5790.0,23070.0,133575300.0
2017-08-25,5800.0,5880.0,5760.0,5870.0,12075.0,70880250.0
2017-08-28,5819.0,5890.0,5790.0,5870.0,13419.0,78769530.0
2017-08-29,5810.0,5900.0,5730.0,5840.0,28360.0,165622400.0
2017-08-30,5820.0,5890.0,5800.0,5810.0,12553.0,72932930.0
2017-08-31,5810.0,5840.0,5740.0,5810.0,9335.0,54236350.0
2017-09-01,5850.0,5870.0,5760.0,5810.0,12854.0,74681740.0
2017-09-04,5580.0,5730.0,5560.0,5560.0,30651.0,170419560.0
2017-09-05,5600.0,5640.0,5540.0,5600.0,11291.0,63229600.0
2017-09-06,5600.0,5600.0,5310.0,5370.0,52461.0,281715570.0
2017-09-07,5390.0,5419.0,5200.0,5230.0,44247.0,231411810.0
2017-09-08,5220.0,5240.0,5120.0,5200.0,25117.0,130608400.0
2017-09-11,5160.0,5220.0,4990.0,5060.0,48336.0,244580160.0
2017-09-12,5060.0,5230.0,5060.0,5140.0,25427.0,130694780.0
2017-09-13,5220.0,5220.0,4740.0,4830.0,72718.0,351227940.0
2017-09-14,4830.0,4880.0,4560.0,4840.0,88133.0,426563720.0
2017-09-15,4780.0,4840.0,4640.0,4640.0,37988.0,176264320.0
2017-09-18,4650.0,4830.0,4650.0,4820.0,24409.0,117651380.0
2017-09-19,4840.0,4870.0,4750.0,4820.0,17179.0,82802780.0
2017-09-20,4820.0,4840.0,4640.0,4670.0,24903.0,116297010.0
2017-09-21,4640.0,4690.0,4530.0,4590.0,23551.0,108099090.0
2017-09-22,4590.0,4700.0,4540.0,4700.0,23251.0,109279700.0
2017-09-25,4640.0,4680.0,4540.0,4660.0,15323.0,71405180.0
2017-09-26,4540.0,4800.0,4540.0,4760.0,19825.0,94367000.0
2017-09-27,4700.0,4780.0,4670.0,4680.0,10392.0,48634560.0
2017-09-28,4750.0,4850.0,4660.0,4850.0,10030.0,48645500.0
2017-09-29,4850.0,4930.0,4820.0,4860.0,18982.0,92252520.0
2017-10-10,4920.0,4920.0,4720.0,4800.0,12932.0,62073600.0
2017-10-11,4810.0,4810.0,4640.0,4660.0,17452.0,81326320.0
2017-10-12,4630.0,4750.0,4580.0,4580.0,19400.0,88852000.0
2017-10-13,4550.0,4640.0,4320.0,4400.0,36473.0,160481200.0
2017-10-16,4370.0,4510.0,4340.0,4460.0,24267.0,108230820.0
2017-10-17,4470.0,4820.0,4470.0,4640.0,34288.0,159096320.0
2017-10-18,4600.0,4770.0,4530.0,4560.0,17950.0,81852000.0
2017-10-19,4540.0,4760.0,4540.0,4740.0,13925.0,66004500.0
2017-10-20,4750.0,4830.0,4680.0,4780.0,15903.0,76016340.0
2017-10-23,4750.0,4870.0,4720.0,4830.0,11641.0,56226030.0
2017-10-24,4830.0,4920.0,4770.0,4900.0,21938.0,107496200.0
2017-10-25,4900.0,5040.0,4830.0,5000.0,33166.0,165830000.0
2017-10-26,4990.0,5070.0,4990.0,5070.0,21671.0,109871970.0
2017-10-27,5030.0,5320.0,5030.0,5280.0,40099.0,211722720.0
2017-10-30,5340.0,5460.0,5240.0,5460.0,44891.0,245104860.0
2017-10-31,5580.0,5580.0,5440.0,5480.0,28448.0,155895040.0
2017-11-01,5460.0,5499.0,5320.0,5470.0,28081.0,153603070.0
2017-11-02,5460.0,5460.0,5240.0,5360.0,23255.0,124646800.0
2017-11-03,5360.0,5390.0,5210.0,5350.0,19922.0,106582700.0
2017-11-06,5400.0,5450.0,5250.0,5430.0,20251.0,109962930.0
2017-11-07,5370.0,5800.0,5360.0,5770.0,54816.0,316288320.0
2017-11-08,5840.0,5840.0,5640.0,5780.0,40190.0,232298200.0
2017-11-09,5780.0,5840.0,5600.0,5800.0,34052.0,197501600.0
2017-11-10,5800.0,5850.0,5740.0,5850.0,18315.0,107142750.0
2017-11-13,5880.0,5930.0,5720.0,5930.0,31117.0,184523810.0
2017-11-14,5980.0,6400.0,5900.0,6360.0,96519.0,613860840.0
2017-11-15,6110.0,6340.0,6000.0,6200.0,90598.0,561707600.0
2017-11-16,6070.0,6200.0,5910.0,6160.0,51970.0,320135200.0
2017-11-17,6050.0,6200.0,6050.0,6140.0,25965.0,159425100.0
2017-11-20,6080.0,6200.0,5850.0,5880.0,33921.0,199455480.0
2017-11-21,5760.0,5800.0,5500.0,5560.0,77183.0,429137480.0
2017-11-22,5470.0,5670.0,5440.0,5570.0,41110.0,228982700.0
2017-11-23,5520.0,5720.0,5480.0,5620.0,37742.0,212110040.0
2017-11-24,5620.0,5690.0,5520.0,5520.0,21273.0,117426960.0
2017-11-27,5430.0,5650.0,5400.0,5510.0,21822.0,120239220.0
2017-11-28,5510.0,5600.0,5380.0,5380.0,27776.0,149434880.0
2017-11-29,5260.0,5510.0,5260.0,5450.0,32308.0,176078600.0
2017-11-30,5510.0,5580.0,5330.0,5450.0,28166.0,153504700.0
2017-12-01,5360.0,5660.0,5320.0,5600.0,74781.0,418773600.0
2017-12-04,5659.0,5659.0,5520.0,5590.0,14341.0,80166190.0
2017-12-05,5530.0,5580.0,5490.0,5490.0,16753.0,91973970.0
2017-12-06,5560.0,5590.0,5350.0,5390.0,22216.0,119744240.0
2017-12-07,5490.0,5500.0,5120.0,5200.0,23297.0,121144400.0
2017-12-08,5180.0,5260.0,5020.0,5070.0,14710.0,74579700.0
2017-12-11,5160.0,5500.0,5050.0,5500.0,26924.0,148082000.0
2017-12-12,5410.0,5499.0,5259.0,5350.0,20370.0,108979500.0
2017-12-13,5349.0,5640.0,5349.0,5500.0,28537.0,156953500.0
2017-12-14,5490.0,5520.0,5260.0,5410.0,76358.0,413096780.0
2017-12-15,5400.0,5400.0,5280.0,5370.0,17062.0,91622940.0
2017-12-18,5440.0,5460.0,5310.0,5310.0,17677.0,93864870.0
2017-12-19,5379.0,5520.0,5299.0,5490.0,22797.0,125155530.0
2017-12-20,5520.0,5570.0,5419.0,5510.0,9210.0,50747100.0
2017-12-21,5450.0,5699.0,5450.0,5570.0,29520.0,164426400.0
2017-12-22,5520.0,5900.0,5520.0,5890.0,59383.0,349765870.0
2017-12-26,5890.0,6000.0,5810.0,6000.0,53351.0,320106000.0
2017-12-27,5900.0,5990.0,5690.0,5920.0,32464.0,192186880.0
2017-12-28,5800.0,5910.0,5690.0,5750.0,21002.0,120761500.0
2018-01-02,6430.0,6650.0,6000.0,6030.0,183605.0,1107138150.0
2018-01-03,5990.0,6120.0,5690.0,5870.0,234539.0,1376743930.0
2018-01-04,5899.0,5920.0,5550.0,5550.0,127349.0,706786950.0
2018-01-05,5630.0,5690.0,5339.0,5550.0,106606.0,591663300.0
2018-01-08,5850.0,5860.0,5589.0,5660.0,205996.0,1165937360.0
2018-01-09,5690.0,5710.0,5450.0,5490.0,173131.0,950489190.0
2018-01-10,5460.0,5460.0,5080.0,5100.0,212363.0,1083051300.0
2018-01-11,5110.0,5240.0,5040.0,5110.0,81109.0,414466990.0
2018-01-12,5080.0,5100.0,4860.0,5040.0,84479.0,425774160.0
2018-01-15,4970.0,5140.0,4880.0,5110.0,53782.0,274826020.0
2018-01-16,5030.0,5200.0,5020.0,5180.0,43009.0,222786620.0
2018-01-17,5130.0,5350.0,5120.0,5350.0,79991.0,427951850.0
2018-01-18,5440.0,5550.0,5360.0,5460.0,118444.0,646704240.0
2018-01-19,5510.0,5550.0,5380.0,5460.0,81342.0,444127320.0
2018-01-22,5539.0,5550.0,5379.0,5490.0,41558.0,228153420.0
2018-01-23,5530.0,5530.0,5389.0,5500.0,37735.0,207542500.0
2018-01-24,5500.0,5520.0,5400.0,5420.0,39884.0,216171280.0
2018-01-25,5360.0,5490.0,5300.0,5470.0,42299.0,231375530.0
2018-01-26,5430.0,5510.0,5380.0,5440.0,40151.0,218421440.0
2018-01-29,5470.0,5520.0,5310.0,5330.0,45382.0,241886060.0
2018-01-30,5220.0,5280.0,5050.0,5050.0,122575.0,619003750.0
2018-01-31,5100.0,5250.0,5070.0,5100.0,92809.0,473325900.0
2018-02-01,5139.0,5640.0,5110.0,5570.0,166312.0,926357840.0
2018-02-02,5600.0,5640.0,5390.0,5550.0,126978.0,704727900.0
2018-02-05,5540.0,5620.0,5400.0,5400.0,123168.0,665107200.0
2018-02-06,5200.0,5360.0,4870.0,5360.0,152436.0,817056960.0
2018-02-07,5360.0,5740.0,5360.0,5520.0,219847.0,1213555440.0
2018-02-08,5670.0,5760.0,5470.0,5470.0,200323.0,1095766810.0
2018-02-09,5410.0,5560.0,5160.0,5180.0,110404.0,571892720.0
2018-02-12,5270.0,5330.0,5100.0,5120.0,54167.0,277335040.0
2018-02-13,5170.0,5349.0,5030.0,5100.0,90878.0,463477800.0
2018-02-14,5130.0,5760.0,5130.0,5580.0,220533.0,1230574140.0
2018-02-19,5540.0,5720.0,5200.0,5720.0,100164.0,572938080.0
2018-02-20,5720.0,5720.0,5400.0,5400.0,69907.0,377497800.0
2018-02-21,5400.0,5620.0,5390.0,5550.0,49620.0,275391000.0
2018-02-22,5460.0,5670.0,5410.0,5550.0,68328.0,379220400.0
2018-02-23,5520.0,5590.0,5470.0,5560.0,31499.0,175134440.0
2018-02-26,5750.0,5760.0,5570.0,5680.0,88582.0,503145760.0
2018-02-27,5760.0,5760.0,5470.0,5470.0,35001.0,191455470.0
2018-02-28,5410.0,5420.0,5299.0,5410.0,49588.0,268271080.0
2018-03-02,5400.0,5530.0,5250.0,5530.0,59036.0,326469080.0
2018-03-05,5730.0,5780.0,5600.0,5600.0,69379.0,388522400.0
2018-03-06,5760.0,5970.0,5580.0,5960.0,117620.0,701015200.0
2018-03-07,7000.0,7460.0,6139.0,6230.0,1118370.0,6967445100.0
2018-03-08,6040.0,6200.0,5930.0,6000.0,248701.0,1492206000.0
2018-03-09,6500.0,7140.0,6100.0,6630.0,1422450.0,9430843500.0
2018-03-12,6850.0,6850.0,6510.0,6770.0,298909.0,2023613930.0
2018-03-13,6780.0,6789.0,6469.0,6540.0,221320.0,1447432800.0
2018-03-14,6400.0,6450.0,6180.0,6200.0,180109.0,1116675800.0
2018-03-15,6180.0,6310.0,6040.0,6200.0,160221.0,993370200.0
2018-03-16,6100.0,6320.0,6080.0,6150.0,168043.0,1033464450.0
2018-03-19,6340.0,6749.0,6269.0,6540.0,426015.0,2786138100.0
2018-03-20,6420.0,6600.0,6299.0,6470.0,134112.0,867704640.0
2018-03-21,6510.0,6510.0,6320.0,6340.0,114151.0,723717340.0
2018-03-22,6370.0,6480.0,6250.0,6330.0,103842.0,657319860.0
2018-03-23,6190.0,6460.0,6130.0,6160.0,161633.0,995659280.0
2018-03-26,6110.0,6350.0,6050.0,6350.0,91591.0,581602850.0
2018-03-27,6440.0,6470.0,6289.0,6340.0,75190.0,476704600.0
2018-03-28,6260.0,7090.0,6250.0,6810.0,693379.0,4721910990.0
2018-03-29,7000.0,7040.0,6790.0,6990.0,277116.0,1937040840.0
2018-03-30,6980.0,7110.0,6930.0,6960.0,148206.0,1031513760.0
2018-04-02,6960.0,7180.0,6790.0,6810.0,136356.0,928584360.0
2018-04-03,6760.0,7020.0,6680.0,6900.0,134696.0,929402400.0
2018-04-04,7140.0,7840.0,7070.0,7610.0,673338.0,5124102180.0
2018-04-05,7499.0,7720.0,7440.0,7660.0,215635.0,1651764100.0
2018-04-06,7630.0,7680.0,7360.0,7560.0,123178.0,931225680.0
2018-04-09,7600.0,7770.0,7140.0,7200.0,199417.0,1435802400.0
2018-04-10,7250.0,7339.0,6990.0,7340.0,133485.0,979779900.0
2018-04-11,7410.0,7440.0,7080.0,7240.0,126567.0,916345080.0
2018-04-12,7300.0,7300.0,7060.0,7130.0,80495.0,573929350.0
2018-04-13,7240.0,7470.0,7200.0,7350.0,132628.0,974815800.0
2018-04-16,7380.0,7560.0,7310.0,7560.0,114430.0,865090800.0
2018-04-17,7639.0,7809.0,7460.0,7470.0,153684.0,1148019480.0
2018-04-18,7680.0,7990.0,7450.0,7860.0,348001.0,2735287860.0
2018-04-19,7990.0,8560.0,7980.0,8260.0,834898.0,6896257480.0
2018-04-20,8400.0,8400.0,7810.0,8020.0,305955.0,2453759100.0
2018-04-23,8500.0,8560.0,7400.0,7580.0,458738.0,3477234040.0
2018-04-24,7650.0,7689.0,7240.0,7590.0,240466.0,1825136940.0
2018-04-25,7580.0,7750.0,7280.0,7380.0,187949.0,1387063620.0
2018-04-26,7230.0,7440.0,7160.0,7230.0,203573.0,1471832790.0
2018-04-27,7250.0,7740.0,7240.0,7540.0,411313.0,3101300020.0
2018-04-30,0.0,0.0,0.0,7540.0,0.0,0.0
2018-05-02,0.0,0.0,0.0,7540.0,0.0,0.0
2018-05-03,0.0,0.0,0.0,7540.0,0.0,0.0
2018-05-04,0.0,0.0,0.0,7540.0,0.0,0.0
2018-05-08,0.0,0.0,0.0,7540.0,0.0,0.0
2018-05-09,0.0,0.0,0.0,7540.0,0.0,0.0
2018-05-10,0.0,0.0,0.0,7540.0,0.0,0.0
2018-05-11,0.0,0.0,0.0,7540.0,0.0,0.0
2018-05-14,0.0,0.0,0.0,7540.0,0.0,0.0
2018-05-15,0.0,0.0,0.0,7540.0,0.0,0.0
2018-05-16,0.0,0.0,0.0,7540.0,0.0,0.0
2018-05-17,9320.0,9800.0,8930.0,9400.0,16164141.0,151942925400.0
2018-05-18,9350.0,9600.0,8840.0,8980.0,4934905.0,44315446900.0
2018-05-21,9160.0,11450.0,9150.0,10500.0,18257495.0,191703697500.0
2018-05-23,10250.0,11100.0,9900.0,10250.0,9149694.0,93784363500.0
2018-05-24,10600.0,10650.0,9550.0,9680.0,5415325.0,52420346000.0
2018-05-25,7800.0,8400.0,7730.0,7930.0,6644295.0,52689259350.0
2018-05-28,9700.0,10300.0,9690.0,10300.0,5947262.0,61256798600.0
2018-05-29,10000.0,10450.0,9660.0,9780.0,4347898.0,42522442440.0
2018-05-30,10200.0,10400.0,9840.0,10200.0,4245718.0,43306323600.0
2018-05-31,10100.0,10800.0,9980.0,10800.0,4222727.0,45605451600.0
2018-06-01,11150.0,12450.0,10400.0,10700.0,15927593.0,170425245100.0
2018-06-04,11700.0,11900.0,10650.0,10950.0,5344664.0,58524070800.0
2018-06-05,10650.0,11300.0,10400.0,11300.0,4128646.0,46653699800.0
2018-06-07,11250.0,11400.0,10700.0,10700.0,2632643.0,28169280100.0
2018-06-08,10800.0,10850.0,10150.0,10150.0,2399602.0,24355960300.0
2018-06-11,10150.0,11200.0,10150.0,11050.0,4881735.0,53943171750.0
2018-06-12,11050.0,11650.0,9950.0,11250.0,7412877.0,83394866250.0
2018-06-14,10650.0,10850.0,9850.0,10000.0,3602759.0,36027590000.0
2018-06-15,10050.0,10700.0,9940.0,10200.0,4745490.0,48403998000.0
2018-06-18,10650.0,12150.0,10250.0,11800.0,16419052.0,193744813600.0
2018-06-19,11750.0,12000.0,10900.0,11900.0,11778424.0,140163245600.0
2018-06-20,11800.0,12700.0,11550.0,11900.0,13296531.0,158228718900.0
2018-06-21,11950.0,12300.0,11300.0,11450.0,6105903.0,69912589350.0
2018-06-22,11700.0,11750.0,10100.0,10400.0,7941877.0,82595520800.0
2018-06-25,10150.0,10600.0,10050.0,10200.0,3157443.0,32205918600.0
2018-06-26,10000.0,10200.0,9050.0,9200.0,5335569.0,49087234800.0
2018-06-27,9200.0,9320.0,8400.0,8700.0,5185236.0,45111553200.0
2018-06-28,8600.0,8830.0,8100.0,8150.0,2922022.0,23814479300.0
2018-06-29,8370.0,8640.0,8090.0,8270.0,3337767.0,27603333090.0
2018-07-02,8210.0,8260.0,7560.0,7600.0,2779881.0,21127095600.0
2018-07-03,7750.0,8200.0,7560.0,7800.0,3793101.0,29586187800.0
2018-07-04,7800.0,8040.0,7710.0,7850.0,1215532.0,9541926200.0
2018-07-05,7890.0,7940.0,7460.0,7780.0,1458017.0,11343372260.0
2018-07-06,7850.0,8120.0,7610.0,8100.0,1506740.0,12204594000.0
2018-07-09,7520.0,7700.0,6990.0,7010.0,3000197.0,21031380970.0
2018-07-10,7110.0,7280.0,7050.0,7050.0,1385139.0,9765229950.0
2018-07-11,6990.0,7390.0,6980.0,7210.0,2002947.0,14441247870.0
2018-07-12,7240.0,7430.0,7130.0,7160.0,1132216.0,8106666560.0
2018-07-13,7250.0,7570.0,7150.0,7470.0,2194863.0,16395626610.0
2018-07-16,7620.0,7630.0,7280.0,7320.0,932150.0,6823338000.0
2018-07-17,7350.0,7400.0,7190.0,7190.0,610910.0,4392442900.0
2018-07-18,7250.0,7260.0,6880.0,6920.0,903475.0,6252047000.0
2018-07-19,6900.0,7380.0,6730.0,7240.0,2226637.0,16120851880.0
2018-07-20,7220.0,7240.0,6900.0,7070.0,990368.0,7001901760.0
2018-07-23,6990.0,6990.0,6630.0,6630.0,805295.0,5339105850.0
2018-07-24,6820.0,7570.0,6820.0,7190.0,2522229.0,18134826510.0
2018-07-25,7280.0,7380.0,7060.0,7190.0,1253235.0,9010759650.0
2018-07-26,7250.0,7830.0,7180.0,7540.0,2097493.0,15815097220.0
2018-07-27,7570.0,7830.0,7410.0,7800.0,1589877.0,12401040600.0
2018-07-30,7800.0,8190.0,7720.0,8090.0,2283518.0,18473660620.0
2018-07-31,8200.0,8200.0,7520.0,7840.0,2040474.0,15997316160.0
2018-08-01,7840.0,8040.0,7730.0,7970.0,1116988.0,8902394360.0
2018-08-02,7900.0,8040.0,7650.0,7810.0,1026406.0,8016230860.0
2018-08-03,7920.0,8080.0,7790.0,7850.0,1123105.0,8816374250.0
2018-08-06,7840.0,7920.0,7640.0,7640.0,993432.0,7589820480.0
2018-08-07,7760.0,7760.0,7470.0,7510.0,737291.0,5537055410.0
2018-08-08,7550.0,7830.0,7500.0,7580.0,908945.0,6889803100.0
2018-08-09,7590.0,7780.0,7520.0,7770.0,633733.0,4924105410.0
2018-08-10,8030.0,8160.0,7820.0,8070.0,2075486.0,16749172020.0
2018-08-13,8180.0,8340.0,7500.0,7500.0,2685690.0,20142675000.0
2018-08-14,7500.0,7780.0,7430.0,7760.0,923842.0,7169013920.0
2018-08-16,8120.0,8130.0,7850.0,7980.0,1441644.0,11504319120.0
2018-08-17,7980.0,8800.0,7880.0,8630.0,5906995.0,50977366850.0
2018-08-20,8800.0,8920.0,8400.0,8450.0,3834223.0,32399184350.0
2018-08-21,8530.0,8620.0,8290.0,8450.0,1598541.0,13507671450.0
2018-08-22,8410.0,8460.0,8140.0,8300.0,1410052.0,11703431600.0
2018-08-23,8240.0,8520.0,8230.0,8360.0,1402746.0,11726956560.0
2018-08-24,8440.0,8450.0,8220.0,8320.0,891526.0,7417496320.0
2018-08-27,7480.0,7750.0,7480.0,7520.0,2172535.0,16337463200.0
2018-08-28,7530.0,7720.0,7290.0,7380.0,1509130.0,11137379400.0
2018-08-29,7340.0,7420.0,7240.0,7280.0,1026746.0,7474710880.0
2018-08-30,7320.0,7590.0,7320.0,7460.0,782787.0,5839591020.0
2018-08-31,7360.0,7520.0,7250.0,7430.0,719705.0,5347408150.0
2018-09-03,7630.0,7650.0,7440.0,7570.0,533136.0,4035839520.0
2018-09-04,7640.0,7880.0,7530.0,7790.0,1111553.0,8658997870.0
2018-09-05,7830.0,7890.0,7630.0,7690.0,755516.0,5809918040.0
2018-09-06,7850.0,8610.0,7800.0,8030.0,6011060.0,48268811800.0
2018-09-07,8170.0,8480.0,8090.0,8430.0,2562802.0,21604420860.0
2018-09-10,8700.0,9560.0,8540.0,9490.0,6639466.0,63008532340.0
2018-09-11,9600.0,9650.0,9210.0,9210.0,3097163.0,28524871230.0
2018-09-12,9220.0,9640.0,8910.0,9640.0,2429585.0,23421199400.0
2018-09-13,9640.0,9740.0,9400.0,9540.0,2355269.0,22469266260.0
2018-09-14,9570.0,9600.0,9320.0,9470.0,1432544.0,13566191680.0
2018-09-17,9560.0,9570.0,9150.0,9420.0,1912715.0,18017775300.0
2018-09-18,9400.0,9930.0,9190.0,9240.0,3749921.0,34649270040.0
2018-09-19,9350.0,9600.0,8820.0,8970.0,3860657.0,34630093290.0
2018-09-20,9380.0,9640.0,8880.0,9560.0,3759173.0,35937693880.0
2018-09-21,9900.0,11650.0,9670.0,11050.0,25854143.0,285688280150.0
2018-09-27,11050.0,11500.0,10850.0,11200.0,7366289.0,82502436800.0
2018-09-28,11050.0,11050.0,10300.0,10500.0,4485575.0,47098537500.0
2018-10-01,10500.0,10850.0,10300.0,10300.0,2270372.0,23384831600.0
2018-10-02,10100.0,10550.0,10000.0,10050.0,2589182.0,26021279100.0
2018-10-04,11000.0,11650.0,10750.0,10900.0,10507500.0,114531750000.0
2018-10-05,10700.0,11250.0,10650.0,11100.0,3722195.0,41316364500.0
2018-10-08,11000.0,11950.0,10900.0,11850.0,5708841.0,67649765850.0
2018-10-10,11300.0,11350.0,9870.0,9890.0,8268286.0,81773348540.0
2018-10-11,9080.0,9590.0,8890.0,9140.0,4983626.0,45550341640.0
2018-10-12,9300.0,9900.0,9140.0,9900.0,4452929.0,44083997100.0
2018-10-15,9810.0,10300.0,9410.0,9730.0,2930946.0,28518104580.0
2018-10-16,9720.0,10100.0,9620.0,9800.0,2144092.0,21012101600.0
2018-10-17,10000.0,10750.0,9930.0,10350.0,4501339.0,46588858650.0
2018-10-18,10400.0,10550.0,10000.0,10100.0,1829064.0,18473546400.0
2018-10-19,10000.0,10550.0,9800.0,10350.0,2645030.0,27376060500.0
2018-10-22,9820.0,9850.0,9430.0,9460.0,2573240.0,24342850400.0
2018-10-23,9510.0,9730.0,9140.0,9250.0,2051403.0,18975477750.0
2018-10-24,9360.0,9520.0,8950.0,8980.0,1956568.0,17569980640.0
2018-10-25,8810.0,9310.0,8730.0,9090.0,2558075.0,23252901750.0
2018-10-26,9260.0,9270.0,8570.0,8810.0,1892830.0,16675832300.0
2018-10-29,8700.0,9000.0,8090.0,8090.0,2546999.0,20605221910.0
2018-10-30,7930.0,8800.0,7930.0,8690.0,2698799.0,23452563310.0
2018-10-31,8710.0,8810.0,8410.0,8500.0,1474938.0,12536973000.0
2018-11-01,8750.0,9020.0,8510.0,8630.0,1877010.0,16198596300.0
2018-11-02,8850.0,9340.0,8800.0,9340.0,2808750.0,26233725000.0
2018-11-05,9200.0,9750.0,9090.0,9610.0,2504022.0,24063651420.0
2018-11-06,9690.0,9740.0,9160.0,9470.0,1733296.0,16414313120.0
2018-11-07,9600.0,9950.0,8420.0,8700.0,4510265.0,39239305500.0
2018-11-08,8930.0,9230.0,8840.0,8960.0,2275080.0,20384716800.0
2018-11-09,8860.0,8940.0,8490.0,8670.0,1456202.0,12625271340.0
2018-11-12,8400.0,8760.0,8390.0,8520.0,927589.0,7903058280.0
2018-11-13,8300.0,8410.0,8140.0,8360.0,1084287.0,9064639320.0
2018-11-14,8600.0,8630.0,8280.0,8310.0,1096815.0,9114532650.0
2018-11-15,8280.0,9090.0,8230.0,9040.0,2231945.0,20176782800.0
2018-11-16,8940.0,9270.0,8870.0,9150.0,1392931.0,12745318650.0
2018-11-19,9450.0,9900.0,9360.0,9630.0,3030965.0,29188192950.0
2018-11-20,9410.0,9750.0,9400.0,9550.0,1287169.0,12292463950.0
2018-11-21,9500.0,10050.0,9430.0,9550.0,2569609.0,24539765950.0
2018-11-22,9630.0,9740.0,9300.0,9680.0,1010273.0,9779442640.0
2018-11-23,9770.0,10100.0,9500.0,9510.0,2775349.0,26393568990.0
2018-11-26,9780.0,9850.0,9160.0,9190.0,1448427.0,13311044130.0
2018-11-27,9070.0,9540.0,9030.0,9540.0,1299301.0,12395331540.0
2018-11-28,9520.0,9550.0,9230.0,9350.0,713346.0,6669785100.0
2018-11-29,9470.0,9690.0,9400.0,9640.0,1469716.0,14168062240.0
2018-11-30,9650.0,9730.0,9490.0,9720.0,909422.0,8839581840.0
2018-12-03,9990.0,10100.0,9780.0,9950.0,2101602.0,20910939900.0
2018-12-04,9950.0,10300.0,9890.0,10100.0,1499537.0,15145323700.0
2018-12-05,9900.0,10250.0,9890.0,10050.0,1311351.0,13179077550.0
2018-12-06,9980.0,10150.0,9640.0,9820.0,1156999.0,11361730180.0
2018-12-07,10100.0,10500.0,9980.0,10400.0,2248451.0,23383890400.0
2018-12-10,10050.0,10250.0,9750.0,9860.0,2475418.0,24407621480.0
2018-12-11,11900.0,12800.0,11300.0,12500.0,28074435.0,350930437500.0
2018-12-12,12300.0,12450.0,11350.0,11950.0,13990235.0,167183308250.0
2018-12-13,11900.0,13050.0,11700.0,13050.0,11921529.0,155575953450.0
2018-12-14,12900.0,16300.0,12650.0,15350.0,36168850.0,555191847500.0
2018-12-17,15400.0,19850.0,15350.0,19800.0,36873292.0,730091181600.0
2018-12-18,20450.0,24000.0,19650.0,19850.0,23195331.0,460427320350.0
2018-12-19,20750.0,21450.0,19000.0,21450.0,3410176.0,73148275200.0
2018-12-20,21200.0,22450.0,20500.0,21150.0,2450931.0,51837190650.0
2018-12-21,21350.0,22400.0,20800.0,22400.0,1852690.0,41500256000.0
2018-12-24,23300.0,23450.0,19600.0,20500.0,9724397.0,199350138500.0
2018-12-26,19500.0,21500.0,18950.0,21350.0,8079580.0,172499033000.0
2018-12-27,22250.0,22250.0,20050.0,20950.0,5197489.0,108887394550.0
2018-12-28,19300.0,20200.0,17750.0,18750.0,7458602.0,139848787500.0
2019-01-02,19450.0,19900.0,18550.0,19800.0,5371377.0,106353264600.0
2019-01-03,19700.0,21200.0,19300.0,20400.0,6705977.0,136801930800.0
2019-01-04,19950.0,21650.0,19500.0,21650.0,3791053.0,82076297450.0
2019-01-07,21500.0,22100.0,21100.0,21900.0,3955680.0,86629392000.0
2019-01-08,21800.0,27700.0,21750.0,26100.0,25567152.0,667302667200.0
2019-01-09,26600.0,26950.0,25500.0,26500.0,6711856.0,177864184000.0
2019-01-10,26300.0,29200.0,24800.0,25050.0,15072372.0,377562918600.0
2019-01-11,24800.0,27850.0,24600.0,27850.0,11080560.0,308593596000.0
2019-01-14,28300.0,29050.0,27400.0,27750.0,7403980.0,205460445000.0
2019-01-15,27500.0,29400.0,27200.0,28600.0,6781053.0,193938115800.0
2019-01-16,28800.0,29200.0,27550.0,27750.0,5885399.0,163319822250.0
2019-01-17,27900.0,28600.0,26550.0,27650.0,5866975.0,162221858750.0
2019-01-18,27650.0,28450.0,26550.0,26550.0,4589239.0,121844295450.0
2019-01-21,27950.0,30250.0,27300.0,28250.0,8217809.0,232153104250.0
2019-01-22,28900.0,28900.0,27500.0,28250.0,3641102.0,102861131500.0
2019-01-23,27950.0,31650.0,27600.0,31150.0,11718971.0,365045946650.0
2019-01-24,30800.0,31150.0,28550.0,28550.0,9016733.0,257427727150.0
2019-01-25,28600.0,28750.0,27250.0,27450.0,7287743.0,200048545350.0
2019-01-28,26550.0,27900.0,26100.0,26400.0,5520134.0,145731537600.0
2019-01-29,26650.0,26950.0,24800.0,25100.0,6649409.0,166900165900.0
2019-01-30,25750.0,27200.0,25650.0,26600.0,7416370.0,197275442000.0
2019-01-31,26950.0,27000.0,25400.0,25500.0,3245382.0,82757241000.0
2019-02-01,25900.0,26850.0,25500.0,26250.0,5496936.0,144294570000.0
2019-02-07,27200.0,27350.0,26250.0,26250.0,2837120.0,74474400000.0
2019-02-08,25950.0,26500.0,25550.0,26200.0,2341916.0,61358199200.0
2019-02-11,26150.0,26500.0,25500.0,25500.0,1667496.0,42521148000.0
2019-02-12,28000.0,28900.0,25500.0,25550.0,9999194.0,255479406700.0
2019-02-13,25900.0,26300.0,25400.0,25950.0,2901506.0,75294080700.0
2019-02-14,26150.0,26200.0,24850.0,24850.0,3055512.0,75929473200.0
2019-02-15,24050.0,24900.0,22900.0,24150.0,5634498.0,136073126700.0
2019-02-18,24550.0,24900.0,24050.0,24300.0,2734445.0,66447013500.0
2019-02-19,25300.0,26950.0,25150.0,26700.0,10594657.0,282877341900.0
2019-02-20,26850.0,26900.0,25800.0,25800.0,3631972.0,93704877600.0
2019-02-21,25900.0,26050.0,24700.0,25050.0,2829985.0,70891124250.0
2019-02-22,24900.0,27050.0,24900.0,26550.0,7358328.0,195363608400.0
2019-02-25,27000.0,27500.0,26150.0,26550.0,5195198.0,137932506900.0
2019-02-26,27000.0,28150.0,26550.0,27900.0,6056899.0,168987482100.0
2019-02-27,27800.0,29050.0,27450.0,28450.0,7701324.0,219102667800.0
2019-02-28,28650.0,28750.0,20750.0,21100.0,12861164.0,271370560400.0
2019-03-04,19750.0,21700.0,19250.0,20350.0,13045805.0,265482131750.0
2019-03-05,20300.0,21500.0,19500.0,21400.0,11792138.0,252351753200.0
2019-03-06,21100.0,21500.0,20100.0,20300.0,5134172.0,104223691600.0
2019-03-07,20200.0,20500.0,18750.0,19400.0,5397052.0,104702808800.0
2019-03-08,18750.0,19300.0,18100.0,18450.0,6035976.0,111363757200.0
2019-03-11,18450.0,19100.0,18300.0,18600.0,4826116.0,89765757600.0
2019-03-12,19200.0,20550.0,18900.0,19750.0,7323508.0,144639283000.0
2019-03-13,19650.0,19900.0,19050.0,19600.0,2405141.0,47140763600.0
2019-03-14,19700.0,20150.0,19500.0,19600.0,2294341.0,44969083600.0
2019-03-15,19450.0,19550.0,17200.0,17750.0,8070480.0,143251020000.0
2019-03-18,18250.0,18800.0,18050.0,18500.0,3927819.0,72664651500.0
2019-03-19,18850.0,19300.0,18700.0,18900.0,2675221.0,50561676900.0
2019-03-20,18500.0,18750.0,18150.0,18600.0,1738207.0,32330650200.0
2019-03-21,18450.0,18750.0,17550.0,17550.0,2226919.0,39082428450.0
2019-03-22,14750.0,15300.0,14250.0,14900.0,29653564.0,441838103600.0
2019-03-25,14550.0,14800.0,13350.0,14300.0,16866989.0,241197942700.0
2019-03-26,14350.0,14500.0,14050.0,14350.0,5755401.0,82590004350.0
2019-03-27,14250.0,14600.0,13250.0,13400.0,7419980.0,99427732000.0
2019-03-28,13300.0,13950.0,13250.0,13700.0,4153374.0,56901223800.0
2019-03-29,13750.0,16050.0,13650.0,15350.0,21664062.0,332543351700.0
2019-04-01,15750.0,16350.0,15600.0,16000.0,7759190.0,124147040000.0
2019-04-02,16350.0,16400.0,15700.0,15950.0,4388024.0,69988982800.0
2019-04-03,16100.0,16350.0,15750.0,15900.0,3229093.0,51342578700.0
2019-04-04,15850.0,15850.0,15200.0,15450.0,3182905.0,49175882250.0
2019-04-05,15500.0,16650.0,15500.0,16250.0,6739678.0,109519767500.0
2019-04-08,16100.0,16250.0,15650.0,15900.0,3252932.0,51721618800.0
2019-04-09,15900.0,16250.0,15600.0,16000.0,2957842.0,47325472000.0
2019-04-10,16200.0,16650.0,16050.0,16450.0,5076503.0,83508474350.0
2019-04-11,16650.0,17050.0,16300.0,16500.0,6788859.0,112016173500.0
2019-04-12,15550.0,15700.0,15250.0,15300.0,5872559.0,89850152700.0
2019-04-15,15600.0,15750.0,15350.0,15500.0,3327787.0,51580698500.0
2019-04-16,15300.0,17150.0,15000.0,15950.0,10905112.0,173936536400.0
2019-04-17,15550.0,15700.0,15100.0,15100.0,2971228.0,44865542800.0
2019-04-18,15000.0,15450.0,14750.0,14850.0,2047373.0,30403489050.0
2019-04-19,14800.0,15150.0,14750.0,14850.0,1346603.0,19997054550.0
2019-04-22,15050.0,15550.0,14950.0,15200.0,1821238.0,27682817600.0
2019-04-23,15200.0,15800.0,15000.0,15650.0,2184706.0,34190648900.0
2019-04-24,15700.0,15950.0,15400.0,15550.0,1881800.0,29261990000.0
2019-04-25,15550.0,15700.0,15100.0,15200.0,1729925.0,26294860000.0
2019-04-26,15300.0,16450.0,15250.0,15500.0,5312668.0,82346354000.0
2019-04-29,15200.0,15250.0,14500.0,14500.0,3321610.0,48163345000.0
2019-04-30,14550.0,14800.0,14350.0,14500.0,1359144.0,19707588000.0
2019-05-02,14550.0,14900.0,14500.0,14750.0,1607151.0,23705477250.0
2019-05-03,14750.0,14950.0,14600.0,14850.0,1020927.0,15160765950.0
2019-05-07,14150.0,14900.0,14050.0,14650.0,1712118.0,25082528700.0
2019-05-08,14850.0,15150.0,14500.0,14550.0,2121321.0,30865220550.0
2019-05-09,14750.0,14800.0,13700.0,13900.0,2040433.0,28362018700.0
2019-05-10,13400.0,13700.0,13250.0,13400.0,2131089.0,28556592600.0
2019-05-13,13250.0,13850.0,13250.0,13300.0,1634628.0,21740552400.0
2019-05-14,13250.0,13650.0,13250.0,13550.0,1316931.0,17844415050.0
2019-05-15,13650.0,13900.0,13400.0,13900.0,1520166.0,21130307400.0
2019-05-16,14650.0,14750.0,13850.0,13900.0,2112897.0,29369268300.0
2019-05-17,14000.0,14800.0,13950.0,14050.0,3804243.0,53449614150.0
2019-05-20,14400.0,14600.0,13600.0,13700.0,2127233.0,29143092100.0
2019-05-21,13700.0,14150.0,13600.0,13900.0,1199428.0,16672049200.0
2019-05-22,13900.0,14550.0,13900.0,14450.0,1681197.0,24293296650.0
2019-05-23,14300.0,14400.0,13900.0,13950.0,1259167.0,17565379650.0
2019-05-24,13800.0,13900.0,13500.0,13750.0,1255332.0,17260815000.0
2019-05-27,13750.0,14350.0,13750.0,14200.0,1186697.0,16851097400.0
2019-05-28,14300.0,14650.0,14050.0,14350.0,1895752.0,27204041200.0
2019-05-29,14200.0,14300.0,13950.0,14100.0,857991.0,12097673100.0
2019-05-30,14100.0,14350.0,13900.0,14250.0,1088002.0,15504028500.0
2019-05-31,14200.0,14750.0,14050.0,14650.0,1741329.0,25510469850.0
2019-06-03,14700.0,14700.0,14250.0,14300.0,911571.0,13035465300.0
2019-06-04,14300.0,14750.0,14300.0,14650.0,1246614.0,18262895100.0
2019-06-05,14750.0,14850.0,14550.0,14800.0,1158025.0,17138770000.0
2019-06-07,14900.0,15250.0,14700.0,15250.0,1643797.0,25067904250.0
2019-06-10,15700.0,15750.0,15250.0,15400.0,3490470.0,53753238000.0
2019-06-11,15500.0,16150.0,15450.0,16150.0,4072397.0,65769211550.0
2019-06-12,16800.0,17550.0,16350.0,16450.0,9225875.0,151765643750.0
2019-06-13,15800.0,16400.0,15550.0,16250.0,11406711.0,185359053750.0
2019-06-14,16100.0,16250.0,15700.0,15900.0,4514329.0,71777831100.0
2019-06-17,15900.0,16000.0,15000.0,15100.0,3089728.0,46654892800.0
2019-06-18,15350.0,15500.0,14550.0,14700.0,3560187.0,52334748900.0
2019-06-19,14950.0,15500.0,14900.0,15500.0,4423107.0,68558158500.0
2019-06-20,15550.0,15550.0,15150.0,15150.0,2483277.0,37621646550.0
2019-06-21,15400.0,15400.0,14800.0,14800.0,2663979.0,39426889200.0
2019-06-24,15450.0,15600.0,15250.0,15450.0,4843698.0,74835134100.0
2019-06-25,15350.0,15450.0,14900.0,15050.0,2809574.0,42284088700.0
2019-06-26,15150.0,15250.0,14700.0,15100.0,2220223.0,33525367300.0
2019-06-27,15150.0,15350.0,14800.0,14950.0,2858092.0,42728475400.0
2019-06-28,15000.0,15250.0,14550.0,15200.0,3104338.0,47185937600.0
2019-07-01,16200.0,16400.0,15400.0,15800.0,10541036.0,166548368800.0
2019-07-02,15500.0,15550.0,15000.0,15050.0,3767615.0,56702605750.0
2019-07-03,15050.0,15100.0,14150.0,14200.0,3655773.0,51911976600.0
2019-07-04,14250.0,14600.0,14050.0,14200.0,2815633.0,39981988600.0
2019-07-05,14850.0,15300.0,14600.0,15200.0,6224672.0,94615014400.0
2019-07-08,14750.0,14850.0,14100.0,14150.0,3103710.0,43917496500.0
2019-07-09,14250.0,14300.0,13300.0,13550.0,3363935.0,45581319250.0
2019-07-10,13500.0,13650.0,13200.0,13400.0,2107454.0,28239883600.0
2019-07-11,13300.0,14350.0,13250.0,14350.0,4072633.0,58442283550.0
2019-07-12,13950.0,14200.0,13800.0,14050.0,2652210.0,37263550500.0
2019-07-15,14000.0,14600.0,13900.0,14250.0,2427567.0,34592829750.0
2019-07-16,14300.0,14350.0,14000.0,14100.0,1213614.0,17111957400.0
2019-07-17,13750.0,13850.0,13550.0,13700.0,1801841.0,24685221700.0
2019-07-18,13500.0,13850.0,13400.0,13400.0,1485144.0,19900929600.0
2019-07-19,13500.0,13750.0,13450.0,13650.0,1474748.0,20130310200.0
2019-07-22,13550.0,13600.0,13350.0,13450.0,792505.0,10659192250.0
2019-07-23,13550.0,13700.0,13150.0,13150.0,1403813.0,18460140950.0
2019-07-24,13050.0,13100.0,11950.0,12000.0,5052693.0,60632316000.0
2019-07-25,11650.0,11950.0,11450.0,11800.0,3572665.0,42157447000.0
2019-07-26,11650.0,11900.0,11150.0,11450.0,2543563.0,29123796350.0
2019-07-29,11300.0,11450.0,10950.0,11150.0,2618467.0,29195907050.0
2019-07-30,11200.0,11550.0,11200.0,11250.0,2233493.0,25126796250.0
2019-07-31,11300.0,11650.0,11150.0,11550.0,2016978.0,23296095900.0
2019-08-01,11450.0,11500.0,11200.0,11300.0,1249484.0,14119169200.0
2019-08-02,11000.0,11500.0,10850.0,11350.0,1260582.0,14307605700.0
2019-08-05,11300.0,11350.0,10250.0,10400.0,2414324.0,25108969600.0
2019-08-06,10000.0,11050.0,9750.0,10400.0,4061103.0,42235471200.0
2019-08-07,10550.0,10850.0,10400.0,10750.0,1713603.0,18421232250.0
2019-08-08,11200.0,11350.0,11000.0,11200.0,1817583.0,20356929600.0
2019-08-09,11250.0,11400.0,11050.0,11150.0,1357831.0,15139815650.0
2019-08-12,11500.0,11650.0,11300.0,11550.0,1994867.0,23040713850.0
2019-08-13,11450.0,11750.0,11300.0,11500.0,1753178.0,20161547000.0
2019-08-14,11700.0,11700.0,11450.0,11650.0,1171373.0,13646495450.0
2019-08-16,11300.0,11450.0,11200.0,11300.0,1060967.0,11988927100.0
2019-08-19,11500.0,12400.0,11400.0,12400.0,3046668.0,37778683200.0
2019-08-20,12300.0,12450.0,12100.0,12400.0,1868067.0,23164030800.0
2019-08-21,12250.0,12400.0,11950.0,12200.0,1659451.0,20245302200.0
2019-08-22,11900.0,11950.0,11650.0,11800.0,2702130.0,31885134000.0
2019-08-23,11750.0,11950.0,11550.0,11650.0,1304932.0,15202457800.0
2019-08-26,11200.0,11400.0,10900.0,10950.0,1731212.0,18956771400.0
2019-08-27,11350.0,11600.0,11000.0,11100.0,1536563.0,17055849300.0
2019-08-28,11050.0,11500.0,11050.0,11450.0,1027178.0,11761188100.0
2019-08-29,11550.0,11600.0,11300.0,11500.0,822323.0,9456714500.0
2019-08-30,11600.0,12200.0,11550.0,12150.0,1641810.0,19947991500.0
2019-09-02,11700.0,11850.0,11550.0,11700.0,1897484.0,22200562800.0
2019-09-03,11700.0,12000.0,11650.0,11900.0,1520188.0,18090237200.0
2019-09-04,11800.0,12000.0,11800.0,11900.0,907508.0,10799345200.0
2019-09-05,12050.0,12200.0,11900.0,12150.0,1292621.0,15705345150.0
2019-09-06,12150.0,12200.0,11900.0,11900.0,726241.0,8642267900.0
2019-09-09,11950.0,12000.0,11600.0,11650.0,941216.0,10965166400.0
2019-09-10,12350.0,12850.0,12100.0,12750.0,5815992.0,74153898000.0
2019-09-11,13150.0,13300.0,12550.0,12800.0,4925884.0,63051315200.0
2019-09-16,13300.0,14150.0,13250.0,14050.0,8603484.0,120878950200.0
2019-09-17,13650.0,14150.0,13500.0,13950.0,3456718.0,48221216100.0
2019-09-18,13800.0,14800.0,13650.0,14400.0,6216137.0,89512372800.0
2019-09-19,14550.0,14750.0,14350.0,14550.0,2516925.0,36621258750.0
2019-09-20,14750.0,14900.0,14550.0,14900.0,3179671.0,47377097900.0
2019-09-23,15650.0,15750.0,15150.0,15150.0,4669962.0,70749924300.0
2019-09-24,14600.0,15450.0,14550.0,15000.0,5001273.0,75019095000.0
2019-09-25,14700.0,14750.0,13700.0,13900.0,5210499.0,72425936100.0
2019-09-26,14350.0,14650.0,13500.0,14050.0,4336407.0,60926518350.0
2019-09-27,13700.0,14300.0,13600.0,14000.0,2166487.0,30330818000.0
2019-09-30,13750.0,13900.0,13450.0,13700.0,1756561.0,24064885700.0
2019-10-01,13500.0,13750.0,13300.0,13400.0,2323896.0,31140206400.0
2019-10-02,14250.0,14400.0,13850.0,13900.0,4560397.0,63389518300.0
2019-10-04,14000.0,14100.0,13550.0,13750.0,2413645.0,33187618750.0
2019-10-07,12150.0,12250.0,11400.0,11650.0,6273586.0,73087276900.0
2019-10-08,11600.0,11950.0,11550.0,11800.0,3055502.0,36054923600.0
2019-10-10,11650.0,12100.0,11650.0,11850.0,1806971.0,21412606350.0
2019-10-11,12000.0,12050.0,11850.0,11900.0,1199468.0,14273669200.0
2019-10-14,12050.0,12500.0,11900.0,12400.0,2419213.0,29998241200.0
2019-10-15,12300.0,12500.0,12250.0,12400.0,889382.0,11028336800.0
2019-10-16,12350.0,12500.0,12200.0,12450.0,1079604.0,13441069800.0
2019-10-17,12400.0,12450.0,12100.0,12150.0,917653.0,11149483950.0
2019-10-18,12250.0,12500.0,12200.0,12250.0,1227976.0,15042706000.0
2019-10-21,12050.0,12050.0,11550.0,11700.0,1661008.0,19433793600.0
2019-10-22,11900.0,12300.0,11800.0,12250.0,1700432.0,20830292000.0
2019-10-23,11500.0,11800.0,11050.0,11250.0,6767891.0,76138773750.0
2019-10-24,11350.0,11650.0,11000.0,11500.0,2845107.0,32718730500.0
2019-10-25,11600.0,11800.0,11200.0,11400.0,2154097.0,24556705800.0
2019-10-28,11200.0,11750.0,10950.0,11350.0,2404909.0,27295717150.0
2019-10-29,11550.0,11900.0,11450.0,11750.0,2243804.0,26364697000.0
2019-10-30,11350.0,11550.0,11250.0,11450.0,1445496.0,16550929200.0
2019-10-31,11450.0,11650.0,11300.0,11400.0,1218962.0,13896166800.0
2019-11-01,11350.0,11600.0,11300.0,11600.0,1041005.0,12075658000.0
2019-11-04,11700.0,11700.0,11450.0,11650.0,1136891.0,13244780150.0
2019-11-05,12050.0,12150.0,11700.0,11900.0,2441326.0,29051779400.0
2019-11-06,12100.0,12500.0,11950.0,12150.0,2803669.0,34064578350.0
2019-11-07,12050.0,12100.0,11800.0,11900.0,1536778.0,18287658200.0
2019-11-08,11950.0,12500.0,11850.0,12500.0,2514788.0,31434850000.0
2019-11-11,12200.0,12300.0,12050.0,12150.0,1668777.0,20275640550.0
2019-11-12,12150.0,12250.0,12000.0,12150.0,889532.0,10807813800.0
2019-11-13,12100.0,12250.0,12050.0,12100.0,989385.0,11971558500.0
2019-11-14,12150.0,12350.0,12050.0,12300.0,1168929.0,14377826700.0
2019-11-15,12150.0,12350.0,11500.0,11950.0,3050892.0,36458159400.0
2019-11-18,12300.0,13050.0,12200.0,12500.0,5596219.0,69952737500.0
2019-11-19,12300.0,12450.0,12000.0,12150.0,1809502.0,21985449300.0
2019-11-20,12200.0,12250.0,11750.0,11900.0,1653756.0,19679696400.0
2019-11-21,11850.0,11950.0,11400.0,11550.0,1515503.0,17504059650.0
2019-11-22,11500.0,11750.0,11350.0,11650.0,1633588.0,19031300200.0
2019-11-25,11650.0,11800.0,11500.0,11750.0,1042403.0,12248235250.0
2019-11-26,11700.0,11850.0,11600.0,11650.0,1080103.0,12583199950.0
2019-11-27,11650.0,11650.0,11300.0,11400.0,1281439.0,14608404600.0
2019-11-28,11300.0,11350.0,11000.0,11050.0,1472741.0,16273788050.0
2019-11-29,10950.0,11250.0,10900.0,10950.0,903344.0,9891616800.0
2019-12-02,10950.0,11100.0,10450.0,10450.0,1919379.0,20057510550.0
2019-12-03,10250.0,11000.0,10000.0,10750.0,3788969.0,40731416750.0
2019-12-04,10450.0,10650.0,10250.0,10300.0,1594733.0,16425749900.0
2019-12-05,10300.0,10450.0,10050.0,10200.0,1496624.0,15265564800.0
2019-12-06,10050.0,10600.0,10050.0,10550.0,1141674.0,12044660700.0
2019-12-09,10350.0,10550.0,10250.0,10400.0,937194.0,9746817600.0
2019-12-10,10250.0,10350.0,9990.0,10000.0,1564045.0,15640450000.0
2019-12-11,10050.0,10300.0,10000.0,10250.0,1079114.0,11060918500.0
2019-12-12,10350.0,10600.0,10300.0,10500.0,1783738.0,18729249000.0
2019-12-13,10450.0,10600.0,10350.0,10500.0,1100058.0,11550609000.0
2019-12-16,10550.0,10800.0,10350.0,10500.0,2218821.0,23297620500.0
2019-12-17,10650.0,10650.0,10000.0,10050.0,2524746.0,25373697300.0
2019-12-18,10000.0,10650.0,9990.0,10500.0,2154624.0,22623552000.0
2019-12-19,10450.0,10500.0,10200.0,10250.0,1086837.0,11140079250.0
2019-12-20,10350.0,10650.0,10300.0,10550.0,1422445.0,15006794750.0
2019-12-23,10350.0,10400.0,10150.0,10200.0,1135782.0,11584976400.0
2019-12-24,10250.0,10350.0,10000.0,10100.0,1425724.0,14399812400.0
2019-12-26,10200.0,10500.0,10150.0,10450.0,1192864.0,12465428800.0
2019-12-27,10450.0,10550.0,10250.0,10500.0,1014709.0,10654444500.0
2019-12-30,10400.0,10600.0,10350.0,10400.0,969382.0,10081572800.0
2020-01-02,10400.0,10450.0,10250.0,10400.0,1010012.0,10504124800.0
2020-01-03,10500.0,10650.0,10400.0,10550.0,1656653.0,17477689150.0
2020-01-06,10450.0,10450.0,10050.0,10050.0,1800192.0,18091929600.0
2020-01-07,10150.0,10300.0,10050.0,10150.0,1509305.0,15319445750.0
2020-01-08,10100.0,10150.0,9310.0,9330.0,4103190.0,38282762700.0
2020-01-09,9730.0,10250.0,9670.0,10100.0,3017589.0,30477648900.0
2020-01-10,10250.0,10500.0,10050.0,10400.0,1468758.0,15275083200.0
2020-01-13,10200.0,10900.0,10100.0,10700.0,3444817.0,36859541900.0
2020-01-14,10800.0,10850.0,10450.0,10600.0,1574096.0,16685417600.0
2020-01-15,10600.0,11550.0,10500.0,11150.0,6136717.0,68424394550.0
2020-01-16,11200.0,11200.0,10650.0,10900.0,2752174.0,29998696600.0
2020-01-17,10900.0,11150.0,10650.0,10750.0,2410467.0,25912520250.0
2020-01-20,10700.0,10850.0,10450.0,10650.0,1478692.0,15748069800.0
2020-01-21,10800.0,11250.0,10500.0,10500.0,4142297.0,43494118500.0
2020-01-22,10400.0,10550.0,10250.0,10400.0,1280167.0,13313736800.0
2020-01-23,10450.0,10450.0,10200.0,10350.0,870979.0,9014632650.0
2020-01-28,9790.0,10050.0,9700.0,9770.0,2173376.0,21233883520.0
2020-01-29,9890.0,10050.0,9720.0,9810.0,1231979.0,12085713990.0
2020-01-30,9750.0,9870.0,9350.0,9400.0,1546128.0,14533603200.0
2020-01-31,9400.0,9720.0,9070.0,9070.0,1689933.0,15327692310.0
2020-02-03,8810.0,9180.0,8730.0,9100.0,1880710.0,17114461000.0
2020-02-04,9170.0,9440.0,9170.0,9400.0,985707.0,9265645800.0
2020-02-05,9500.0,9580.0,9200.0,9320.0,1122048.0,10457487360.0
2020-02-06,9440.0,9590.0,9440.0,9510.0,830334.0,7896476340.0
2020-02-07,9590.0,9790.0,9470.0,9770.0,1133713.0,11076376010.0
2020-02-10,9900.0,9990.0,9670.0,9920.0,1290795.0,12804686400.0
2020-02-11,9640.0,9710.0,9560.0,9670.0,1060716.0,10257123720.0
2020-02-12,9660.0,9660.0,9400.0,9480.0,1106679.0,10491316920.0
2020-02-13,9480.0,9630.0,9360.0,9460.0,997641.0,9437683860.0
2020-02-14,9460.0,9570.0,9420.0,9520.0,758116.0,7217264320.0
2020-02-17,9480.0,9570.0,9320.0,9390.0,9483116.0,89046459240.0
2020-02-18,9230.0,9240.0,8210.0,8270.0,9815176.0,81171505520.0
2020-02-19,8280.0,8350.0,7860.0,8030.0,3714268.0,29825572040.0
2020-02-20,8000.0,8050.0,7700.0,7700.0,2989605.0,23019958500.0
2020-02-21,7560.0,7920.0,7520.0,7600.0,2769988.0,21051908800.0
2020-02-24,7300.0,7390.0,6990.0,7000.0,3344427.0,23410989000.0
2020-02-25,6970.0,7440.0,6960.0,7420.0,2513424.0,18649606080.0
2020-02-26,7170.0,7460.0,7120.0,7320.0,1416034.0,10365368880.0
2020-02-27,7300.0,7430.0,7080.0,7120.0,1224194.0,8716261280.0
2020-02-28,6970.0,7110.0,6830.0,6850.0,1669750.0,11437787500.0
2020-03-02,6900.0,7030.0,6810.0,6970.0,1408838.0,9819600860.0
2020-03-03,7110.0,7270.0,7020.0,7100.0,1168707.0,8297819700.0
2020-03-04,7000.0,7290.0,6990.0,7260.0,937720.0,6807847200.0
2020-03-05,7320.0,7340.0,7210.0,7270.0,1243194.0,9038020380.0
2020-03-06,7540.0,7620.0,7060.0,7160.0,3823151.0,27373761160.0
2020-03-09,6900.0,6950.0,6700.0,6740.0,1763789.0,11887937860.0
2020-03-10,6570.0,6770.0,6550.0,6720.0,1762767.0,11845794240.0
2020-03-11,6770.0,6780.0,6400.0,6480.0,1473005.0,9545072400.0
2020-03-12,6330.0,6410.0,5900.0,5990.0,2749218.0,16467815820.0
2020-03-13,5410.0,5560.0,4735.0,5200.0,6132841.0,31890773200.0
2020-03-16,5210.0,5370.0,4805.0,4805.0,3359695.0,16143334475.0
2020-03-17,4380.0,4830.0,4375.0,4780.0,3187845.0,15237899100.0
2020-03-18,4820.0,5150.0,4390.0,4390.0,4631280.0,20331319200.0
2020-03-19,4500.0,4690.0,3730.0,3840.0,4474055.0,17180371200.0
2020-03-20,3905.0,4120.0,3870.0,4085.0,3060220.0,12500998700.0
2020-03-23,3895.0,4045.0,3780.0,3895.0,2516089.0,9800166655.0
2020-03-24,4015.0,4430.0,3930.0,4375.0,2961991.0,12958710625.0
2020-03-25,4520.0,4700.0,4390.0,4570.0,3391259.0,15498053630.0
2020-03-26,4595.0,4745.0,4445.0,4565.0,5353765.0,24439937225.0
2020-03-27,4730.0,4855.0,4350.0,4610.0,4950357.0,22821145770.0
2020-03-30,4430.0,4680.0,4385.0,4625.0,1999758.0,9248880750.0
2020-03-31,4700.0,6010.0,4670.0,6010.0,25711525.0,154526265250.0
2020-04-01,5870.0,7060.0,5770.0,6050.0,40650904.0,245937969200.0
2020-04-02,6100.0,6760.0,5700.0,6350.0,23198110.0,147307998500.0
2020-04-03,6450.0,6730.0,6280.0,6410.0,11217339.0,71903142990.0
2020-04-06,6410.0,6950.0,6370.0,6720.0,12971796.0,87170469120.0
2020-04-07,6920.0,7450.0,6720.0,7150.0,19814212.0,141671615800.0
2020-04-08,7050.0,7310.0,6800.0,6930.0,5918020.0,41011878600.0
2020-04-09,7090.0,7180.0,6920.0,7000.0,5189162.0,36324134000.0
2020-04-10,7050.0,7090.0,6350.0,6810.0,5439123.0,37040427630.0
2020-04-13,6780.0,7230.0,6580.0,6800.0,5698582.0,38750357600.0
2020-04-14,6940.0,8400.0,6930.0,7940.0,73566715.0,584119717100.0
2020-04-16,8450.0,10300.0,8440.0,10300.0,83279719.0,857781105700.0
2020-04-17,10000.0,10700.0,9490.0,9850.0,41414379.0,407931633150.0
2020-04-20,10000.0,11650.0,9900.0,10300.0,57113996.0,588274158800.0
2020-04-21,10450.0,11300.0,8380.0,9920.0,46706888.0,463332328960.0
2020-04-22,9980.0,10250.0,9540.0,10100.0,19184455.0,193762995500.0
2020-04-23,10000.0,10750.0,9900.0,10000.0,16457406.0,164574060000.0
2020-04-24,10300.0,10500.0,9900.0,10000.0,13893368.0,138933680000.0
2020-04-27,10350.0,10600.0,10000.0,10200.0,13746825.0,140217615000.0
2020-04-28,10300.0,10400.0,9900.0,10000.0,7868045.0,78680450000.0
2020-04-29,10100.0,10150.0,9890.0,10000.0,4661839.0,46618390000.0
2020-05-04,10800.0,10900.0,10050.0,10100.0,9007042.0,90971124200.0
2020-05-06,10200.0,10500.0,10000.0,10400.0,6795543.0,70673647200.0
2020-05-07,10500.0,11650.0,10400.0,10950.0,28499024.0,312064312800.0
2020-05-08,11250.0,12550.0,11050.0,12300.0,45357478.0,557896979400.0
2020-05-11,11700.0,11800.0,10950.0,11050.0,16795685.0,185592319250.0
2020-05-12,11000.0,11200.0,10350.0,10600.0,11275466.0,119519939600.0
2020-05-13,10250.0,10750.0,10150.0,10450.0,6743772.0,70472417400.0
2020-05-14,10300.0,10750.0,10250.0,10350.0,5475645.0,56672925750.0
2020-05-15,10400.0,10450.0,9960.0,10000.0,5292011.0,52920110000.0
2020-05-18,10000.0,10250.0,9870.0,9980.0,3425416.0,34185651680.0
2020-05-19,10150.0,10700.0,10050.0,10300.0,7416831.0,76393359300.0
2020-05-20,10250.0,10600.0,10150.0,10500.0,4361130.0,45791865000.0
2020-05-21,10650.0,10700.0,10250.0,10300.0,2602494.0,26805688200.0
2020-05-22,10350.0,10550.0,10150.0,10300.0,3328739.0,34286011700.0
2020-05-25,10150.0,10200.0,9980.0,10100.0,2371221.0,23949332100.0
2020-05-26,10100.0,11350.0,10000.0,10600.0,20746480.0,219912688000.0
2020-05-27,10700.0,10900.0,10400.0,10600.0,5777152.0,61237811200.0
2020-05-28,10650.0,11000.0,10150.0,10150.0,8517068.0,86448240200.0
2020-05-29,10100.0,10400.0,10050.0,10350.0,2921737.0,30239977950.0
2020-06-01,10400.0,10650.0,10350.0,10450.0,2700032.0,28215334400.0
2020-06-02,10500.0,10850.0,10450.0,10700.0,5403082.0,57812977400.0
2020-06-03,10800.0,10800.0,10500.0,10550.0,3176742.0,33514628100.0
2020-06-04,10400.0,10800.0,10300.0,10600.0,3603179.0,38193697400.0
2020-06-05,10650.0,11200.0,10550.0,10950.0,6760135.0,74023478250.0
2020-06-08,10600.0,10750.0,10300.0,10400.0,4920872.0,51177068800.0
2020-06-09,9750.0,10200.0,9750.0,10100.0,6686532.0,67533973200.0
2020-06-10,10000.0,10050.0,9770.0,9770.0,4466549.0,43638183730.0
2020-06-11,9850.0,9960.0,9420.0,9540.0,4003611.0,38194448940.0
2020-06-12,9040.0,10150.0,9020.0,9680.0,7626624.0,73825720320.0
2020-06-15,9290.0,9750.0,8660.0,8680.0,6759350.0,58671158000.0
2020-06-16,9000.0,9970.0,8880.0,9460.0,10234777.0,96820990420.0
2020-06-17,8700.0,8960.0,8530.0,8530.0,9391299.0,80107780470.0
2020-06-18,8530.0,8950.0,8070.0,8400.0,15730196.0,132133646400.0
2020-06-19,8430.0,10300.0,8430.0,9350.0,68483080.0,640316798000.0
2020-06-22,9310.0,9980.0,8960.0,9270.0,19022602.0,176339520540.0
2020-06-23,9420.0,9480.0,8820.0,8820.0,6614267.0,58337834940.0
2020-06-24,10300.0,10600.0,9700.0,10450.0,46815064.0,489217418800.0
2020-06-25,10050.0,10300.0,9930.0,9970.0,8576348.0,85506189560.0
2020-06-26,10150.0,10200.0,9510.0,9600.0,6828635.0,65554896000.0
2020-06-29,9350.0,9760.0,9340.0,9450.0,3712616.0,35084221200.0
2020-06-30,9560.0,9960.0,9320.0,9650.0,6672109.0,64385851850.0
2020-07-01,9870.0,10200.0,9680.0,10050.0,10825856.0,108799852800.0
2020-07-02,10100.0,10450.0,10000.0,10150.0,5255884.0,53347222600.0
2020-07-03,10500.0,10950.0,10200.0,10950.0,10751467.0,117728563650.0
2020-07-06,10800.0,10950.0,10450.0,10750.0,7858378.0,84477563500.0
2020-07-07,10600.0,10750.0,10150.0,10350.0,5462214.0,56533914900.0
2020-07-08,10300.0,10950.0,10150.0,10400.0,13554645.0,140968308000.0
2020-07-09,10450.0,10600.0,10150.0,10250.0,4464320.0,45759280000.0
2020-07-10,10400.0,10500.0,10050.0,10100.0,4465554.0,45102095400.0
2020-07-13,10150.0,10150.0,9850.0,9990.0,2803016.0,28002129840.0
2020-07-14,10000.0,10050.0,9900.0,9920.0,2067028.0,20504917760.0
2020-07-15,10000.0,10150.0,9970.0,10100.0,2439951.0,24643505100.0
2020-07-16,10100.0,10250.0,9980.0,10050.0,2470093.0,24824434650.0
2020-07-17,10250.0,10450.0,10150.0,10350.0,3238603.0,33519541050.0
2020-07-20,10300.0,10700.0,10050.0,10350.0,5143810.0,53238433500.0
2020-07-21,10400.0,10600.0,10350.0,10550.0,3511407.0,37045343850.0
2020-07-22,10550.0,10700.0,10350.0,10550.0,3037657.0,32047281350.0
2020-07-23,10500.0,10550.0,10150.0,10150.0,2920227.0,29640304050.0
2020-07-24,10150.0,10300.0,10000.0,10100.0,1887903.0,19067820300.0
2020-07-27,10050.0,10350.0,9980.0,10250.0,1686368.0,17285272000.0
2020-07-28,10300.0,10550.0,10150.0,10250.0,3284133.0,33662363250.0
2020-07-29,10200.0,10450.0,10200.0,10350.0,1766016.0,18278265600.0
2020-07-30,10400.0,10950.0,10250.0,10350.0,6450211.0,66759683850.0
2020-07-31,10400.0,10550.0,10250.0,10400.0,1867135.0,19418204000.0
2020-08-03,10700.0,10700.0,10400.0,10450.0,3277621.0,34251139450.0
